SEÇÃO,EMPRESA,STAND
Premium 2026,ACCUMED GLICOMED,E-160
Premium 2026,B BRAUN,D-31
Premium 2026,Blue Health,F-31
Premium 2026,COMEN,E-29
Premium 2026,CRISTÓFOLI BIOSSEGURANÇA,F-61
Premium 2026,DELLAMED,"E-130 | E-140"
Premium 2026,DRÄGER,G-11
Premium 2026,FRESENIUS KABI BRASIL LTDA.,G-28
Premium 2026,GETINGE,E-21
Premium 2026,HOSPCOM,I-18
Premium 2026,IMEX MEDICAL,F-19
Premium 2026,KONICA MINOLTA HEALTHCARE DO BRASIL,F-41
Premium 2026,LINET,D-41
Premium 2026,MEDI SAÚDE PRODUTOS MÉDICOS HOSPITALARES,C-31
Premium 2026,Medtronic,F-59
Premium 2026,MINDRAY,D-11
Premium 2026,MV,"E-98 | E-100 | E-101 | E-109 | F-95 | F-98"
Premium 2026,NIHON KOHDEN,E-48
Premium 2026,NINGBO DAVID MEDICAL DEVICE CO. LTD.,C-11
Premium 2026,ORTHO PAUHER,E-120
Premium 2026,OXY CÂMARAS,E-70
Premium 2026,PHILIPS,E-11
Premium 2026,PROTEC,C-21
Premium 2026,RTS,D-21
Premium 2026,SALUX,D-109
Premium 2026,Samtronic,G-10
Premium 2026,STERIS,F-21
Premium 2026,Stryker,G-31
Premium 2026,SUPERMAX BRASIL,E-150
Premium 2026,VALLITECH,F-51
Target 2026,ABIMED,H-32
Target 2026,Abimo,"J-40 | K-56"
Target 2026,ATHOS BRASIL,K-50
Target 2026,BARRFAB,G-39
Target 2026,Baxter,E-31
Target 2026,BIONEXO,D-105
Target 2026,Bralimpia Equipamentos,F-100
Target 2026,DESCARPACK,F-171
Target 2026,FK WELLNES,F-81
Target 2026,GRUPO KSS,E-39
Target 2026,HAOXI Equipamentos Médicos Hospitalares,J-20
Target 2026,INSTRAMED,D-39
Target 2026,Intermed,B-09
Target 2026,ITA - ITALIAN TRADE AGENCY,D-280
Target 2026,KARL STORZ,G-61
Target 2026,KTK,E-59
Target 2026,LEISTUNG,G-18
Target 2026,LIFEMED,E-68
Target 2026,MAD.U MOBILIÁRIO TÉCNICO LTDA,A-40
Target 2026,MAGNAMED,C-39
Target 2026,Medix Brasil,E-180
Target 2026,MedLevensohn,G-151
Target 2026,MEDPEJ,F-50
Target 2026,Meheco do Brasil,D-208
Target 2026,MENDEL MEDICAL,G-41
Target 2026,MERCUR,E-161
Target 2026,MISSNER,E-191
Target 2026,MONTSERRAT,E-151
Target 2026,OPUS MEDICAL,G-50
Target 2026,Ortosintese,E-61
Target 2026,PISOTECH,G-101
Target 2026,Pixeon,E-91
Target 2026,ProLife Equipamentos Médicos,I-10
Target 2026,Rhosse Instrumentos e Equipamentos Cirúrgicos,E-49
Target 2026,SALDANHA RODRIGUES PRODUTOS HOSPITALARES,F-149
Target 2026,SC MEDICAL,E-60
Target 2026,SIEMENS HEALTHINEERS,G-19
Target 2026,Strattner,F-29
Target 2026,Suzuki,G-41
Target 2026,TECHIMPORT,F-151
Target 2026,TOTVS,D-110
Target 2026,VMI Médica e Alfamed,G-40
Target 2026,6B INVENT GERMANY INOX CE,F-179
Target 2026,7import Medical Group,B-31
Target 2026,ABL Saúde / ExcelMed,E-190
Target 2026,ACE PISOS E REVESTIMENTOS,G-69
Target 2026,Air Liquide Healthcare & VitalAire,E-41
Target 2026,Airo PVC,H-104
Target 2026,ALFA MED SISTEMAS MÉDICOS LTDA,G-40a
Target 2026,Allcrom,B-123
Target 2026,ALTERNATIVA,"K-30 | L-26 | L-38"
Target 2026,Ambulanc (Shenzhen) Tech. Co. Ltd,B-64
Target 2026,AMCOR,I-16
Target 2026,Anadona Descartáveis para a Saúde,F-161
Target 2026,ANATOMIC,F-169
Target 2026,Animati 2,E-119
Target 2026,ANQING KANGMINGNA,G-159
Target 2026,ARJO,F-128
Target 2026,ARKMEDS,D-119
Target 2026,ASP,E-110
Target 2026,ASSUT EUROPE,G-55
Target 2026,Balaji International,F-203
Target 2026,BAUMER S.A,H-18
Target 2026,BD - BECTON DICKINSON,D-56
Target 2026,Belgotex do Brasil,G-103
Target 2026,BETEL USO ÚNICO,E-168
Target 2026,BHIO SUPPLY,C-51
Target 2026,BIG FISH,F-189
Target 2026,BIO INFINITY,E-46
Target 2026,BIOCON,C-139
